{
  "name": "gregtech.veins.ore.manganese",
  "weight": 20,
  "density": 0.25,
  "min_height": 20,
  "max_height": 30,
  "vein_populator": {
    "type": "surface_rock",
    "material": "grossular"
  },
  "dimension_filter": [
    "is_nether"
  ],
  "generator": {
    "type": "layered",
    "radius": [
      14,
      16
    ]
  },
  "filler": {
    "type": "layered",
    "values": [
      {
        "primary": "ore:grossular"
      },
      {
        "secondary": "ore:pyrolusite"
      },
      {
        "between": "ore:pyrochlore"
      },
      {
        "sporadic": "ore:tantalite"
      }
    ]
  }
}
