{
  "name": "gregtech.veins.ore.saltpeter",
  "weight": 40,
  "density": 0.25,
  "min_height": 5,
  "max_height": 45,
  "vein_populator": {
    "type": "surface_rock",
    "material": "saltpeter"
  },
  "dimension_filter": [
    "is_nether"
  ],
  "generator": {
    "type": "layered",
    "radius": [
      14,
      16
    ]
  },
  "filler": {
    "type": "layered",
    "values": [
      {
        "primary": "ore:saltpeter"
      },
      {
        "secondary": "ore:diatomite"
      },
      {
        "between": "ore:electrotine"
      },
      {
        "sporadic": "ore:alunite"
      }
    ]
  }
}
