{
  "name": "gregtech.veins.ore.apatite",
  "weight": 40,
  "density": 0.25,
  "max_height": 60,
  "min_height": 40,
  "vein_populator": {
    "type": "surface_rock",
    "material": "apatite"
  },
  "generator": {
    "type": "layered",
    "radius": [
      14,
      16
    ]
  },
  "filler": {
    "type": "layered",
    "values": [
      {
        "primary": "ore:apatite"
      },
      {
        "secondary": "ore:apatite"
      },
      {
        "between": "ore:tricalcium_phosphate"
      },
      {
        "sporadic": "ore:pyrochlore"
      }
    ]
  }
}
