{
  "name": "gregtech.veins.ore.mineral_sand",
  "weight": 80,
  "density": 0.2,
  "max_height": 60,
  "min_height": 35,
  "vein_populator": {
    "type": "surface_rock",
    "material": "basaltic_mineral_sand"
  },
  "generator": {
    "type": "layered",
    "radius": [
      17,
      24
    ]
  },
  "filler": {
    "type": "layered",
    "values": [
      {
        "primary": "ore:basaltic_mineral_sand"
      },
      {
        "secondary": "ore:granitic_mineral_sand"
      },
      {
        "between": "ore:fullers_earth"
      },
      {
        "sporadic": "ore:gypsum"
      }
    ]
  }
}
