{
  "section": "Electric",
  "title": "Implosion Compressor",
  "stream": [
    {
      "type": "textbox",
      "content": [
        "The §6Implosion Compressor§r is a Multiblock that turns gem dusts back into gems, as well as processes a few other recipes."
      ]
    },
    {
      "type": "slots",
      "item_list": [
        {
          "id": "gregtech:machine",
          "damage": 1003,
          "count": 1
        }
      ]
    },
    {
      "type": "textbox",
      "content": [
        "Recipes in the Implosion Compressor use varying explosives with different efficiencies, so make sure to check recipes in JEI."
      ]
    }
  ],
  "fixed": [
    {
      "type": "card",
      "x": 11,
      "y": 138,
      "width": 179,
      "height": 112,
      "fill": -3745585,
      "isShadow": true
    },
    {
      "type": "slots",
      "x": 6,
      "y": 147,
      "width": 63,
      "height": 18,
      "item_list": [
        {
          "id": "gregtech:machine",
          "damage": 1151,
          "count": 1
        }
      ]
    },
    {
      "type": "slots",
      "x": 6,
      "y": 174,
      "width": 63,
      "height": 18,
      "item_list": [
        {
          "id": "gregtech:machine",
          "damage": 1166,
          "count": 1
        }
      ]
    },
    {
      "type": "slots",
      "x": 7,
      "y": 203,
      "width": 63,
      "height": 18,
      "item_list": [
        {
          "id": "gregtech:machine",
          "damage": 1657,
          "count": 1
        }
      ]
    },
    {
      "type": "slots",
      "x": 9,
      "y": 229,
      "width": 58,
      "height": 18,
      "item_list": [
        {
          "id": "gregtech:machine",
          "damage": 1654,
          "count": 1
        }
      ]
    },
    {
      "type": "textbox",
      "x": 56,
      "y": 146,
      "width": 100,
      "height": 20,
      "content": [
        "Item Input Bus. Minimum 1"
      ]
    },
    {
      "type": "textbox",
      "x": 52,
      "y": 172,
      "width": 100,
      "height": 20,
      "content": [
        "Item Output Bus. Minimum 1"
      ]
    },
    {
      "type": "textbox",
      "x": 53,
      "y": 203,
      "width": 100,
      "height": 20,
      "content": [
        "Muffler Hatch. Exactly 1"
      ]
    },
    {
      "type": "textbox",
      "x": 55,
      "y": 227,
      "width": 100,
      "height": 20,
      "content": [
        "Maintenance Hatch. Exactly 1"
      ]
    }
  ],
  "metatileentity": "implosion_compressor"
}
